stage_id,stage_name,f1_score
0,W,0.9515324305060584
1,N1,0.34458259325044405
2,N2,0.9163636363636364
3,N3,0.7419038272816487
4,REM,0.7531380753138075
